"Designator","Footprint","Mid X","Mid Y","Ref X","Ref Y","Pad X","Pad Y","Layer","Rotation","Comment"
""
"D1","SC-79_L1.2-W0.8-LS1.6-RD","4.3412mm","256.5146mm","4.3412mm","256.5146mm","3.556mm","256.5146mm","T","360.00","Comment"
"FL2","L0402","13.4834mm","239.6985mm","13.4834mm","239.6985mm","13.4834mm","240.2436mm","T","270.00","Comment"
"FL3","L0402","13.4834mm","212.6985mm","13.4834mm","212.6985mm","13.4834mm","213.2436mm","T","270.00","Comment"
"FL4","L0402","13.4834mm","185.6985mm","13.4834mm","185.6985mm","13.4834mm","186.2436mm","T","270.00","Comment"
"FL5","L0402","13.4834mm","158.6985mm","13.4834mm","158.6985mm","13.4834mm","159.2436mm","T","270.00","Comment"
"FL6","L0402","13.4834mm","131.6985mm","13.4834mm","131.6985mm","13.4834mm","132.2436mm","T","270.00","Comment"
"FL7","L0402","13.4834mm","104.6985mm","13.4834mm","104.6985mm","13.4834mm","105.2436mm","T","270.00","Comment"
"FL8","L0402","13.4834mm","77.6985mm","13.4834mm","77.6985mm","13.4834mm","78.2436mm","T","270.00","Comment"
"FL9","L0402","13.4834mm","50.6985mm","13.4834mm","50.6985mm","13.4834mm","51.2436mm","T","270.00","Comment"
"FL10","L0402","13.4834mm","23.6985mm","13.4834mm","23.6985mm","13.4834mm","24.2436mm","T","270.00","Comment"
"D2","SC-79_L1.2-W0.8-LS1.6-RD","4.3412mm","229.5146mm","4.3412mm","229.5146mm","3.556mm","229.5146mm","T","360.00","Comment"
"D3","SC-79_L1.2-W0.8-LS1.6-RD","4.3412mm","202.5146mm","4.3412mm","202.5146mm","3.556mm","202.5146mm","T","360.00","Comment"
"D4","SC-79_L1.2-W0.8-LS1.6-RD","4.3412mm","175.5146mm","4.3412mm","175.5146mm","3.556mm","175.5146mm","T","360.00","Comment"
"D5","SC-79_L1.2-W0.8-LS1.6-RD","4.3412mm","148.5146mm","4.3412mm","148.5146mm","3.556mm","148.5146mm","T","360.00","Comment"
"D6","SC-79_L1.2-W0.8-LS1.6-RD","4.3412mm","121.5146mm","4.3412mm","121.5146mm","3.556mm","121.5146mm","T","360.00","Comment"
"D7","SC-79_L1.2-W0.8-LS1.6-RD","4.3412mm","94.5146mm","4.3412mm","94.5146mm","3.556mm","94.5146mm","T","360.00","Comment"
"D8","SC-79_L1.2-W0.8-LS1.6-RD","4.3412mm","67.5146mm","4.3412mm","67.5146mm","3.556mm","67.5146mm","T","360.00","Comment"
"D9","SC-79_L1.2-W0.8-LS1.6-RD","4.3412mm","40.5146mm","4.3412mm","40.5146mm","3.556mm","40.5146mm","T","360.00","Comment"
"D10","SC-79_L1.2-W0.8-LS1.6-RD","4.3412mm","13.5146mm","4.3412mm","13.5146mm","3.556mm","13.5146mm","T","360.00","Comment"
"D10_1","SC-79_L1.2-W0.8-LS1.6-RD","31.3412mm","13.5146mm","31.3412mm","13.5146mm","30.556mm","13.5146mm","T","360.00","Comment"
"D9_1","SC-79_L1.2-W0.8-LS1.6-RD","31.3412mm","40.5146mm","31.3412mm","40.5146mm","30.556mm","40.5146mm","T","360.00","Comment"
"D8_1","SC-79_L1.2-W0.8-LS1.6-RD","31.3412mm","67.5146mm","31.3412mm","67.5146mm","30.556mm","67.5146mm","T","360.00","Comment"
"D7_1","SC-79_L1.2-W0.8-LS1.6-RD","31.3412mm","94.5146mm","31.3412mm","94.5146mm","30.556mm","94.5146mm","T","360.00","Comment"
"D6_1","SC-79_L1.2-W0.8-LS1.6-RD","31.3412mm","121.5146mm","31.3412mm","121.5146mm","30.556mm","121.5146mm","T","360.00","Comment"
"D5_1","SC-79_L1.2-W0.8-LS1.6-RD","31.3412mm","148.5146mm","31.3412mm","148.5146mm","30.556mm","148.5146mm","T","360.00","Comment"
"D4_1","SC-79_L1.2-W0.8-LS1.6-RD","31.3412mm","175.5146mm","31.3412mm","175.5146mm","30.556mm","175.5146mm","T","360.00","Comment"
"D3_1","SC-79_L1.2-W0.8-LS1.6-RD","31.3412mm","202.5146mm","31.3412mm","202.5146mm","30.556mm","202.5146mm","T","360.00","Comment"
"D2_1","SC-79_L1.2-W0.8-LS1.6-RD","31.3412mm","229.5146mm","31.3412mm","229.5146mm","30.556mm","229.5146mm","T","360.00","Comment"
"FL10_1","L0402","40.4834mm","23.6985mm","40.4834mm","23.6985mm","40.4834mm","24.2436mm","T","270.00","Comment"
"FL9_1","L0402","40.4834mm","50.6985mm","40.4834mm","50.6985mm","40.4834mm","51.2436mm","T","270.00","Comment"
"FL8_1","L0402","40.4834mm","77.6985mm","40.4834mm","77.6985mm","40.4834mm","78.2436mm","T","270.00","Comment"
"FL7_1","L0402","40.4834mm","104.6985mm","40.4834mm","104.6985mm","40.4834mm","105.2436mm","T","270.00","Comment"
"FL6_1","L0402","40.4834mm","131.6985mm","40.4834mm","131.6985mm","40.4834mm","132.2436mm","T","270.00","Comment"
"FL5_1","L0402","40.4834mm","158.6985mm","40.4834mm","158.6985mm","40.4834mm","159.2436mm","T","270.00","Comment"
"FL4_1","L0402","40.4834mm","185.6985mm","40.4834mm","185.6985mm","40.4834mm","186.2436mm","T","270.00","Comment"
"FL3_1","L0402","40.4834mm","212.6985mm","40.4834mm","212.6985mm","40.4834mm","213.2436mm","T","270.00","Comment"
"FL2_1","L0402","40.4834mm","239.6985mm","40.4834mm","239.6985mm","40.4834mm","240.2436mm","T","270.00","Comment"
"D1_1","SC-79_L1.2-W0.8-LS1.6-RD","31.3412mm","256.5146mm","31.3412mm","256.5146mm","30.556mm","256.5146mm","T","360.00","Comment"
"FL1_1","L0402","40.4834mm","266.6985mm","40.4834mm","266.6985mm","40.4834mm","267.2436mm","T","270.00","Comment"
"D10_2","SC-79_L1.2-W0.8-LS1.6-RD","58.3412mm","13.5146mm","58.3412mm","13.5146mm","57.556mm","13.5146mm","T","360.00","Comment"
"D9_2","SC-79_L1.2-W0.8-LS1.6-RD","58.3412mm","40.5146mm","58.3412mm","40.5146mm","57.556mm","40.5146mm","T","360.00","Comment"
"D8_2","SC-79_L1.2-W0.8-LS1.6-RD","58.3412mm","67.5146mm","58.3412mm","67.5146mm","57.556mm","67.5146mm","T","360.00","Comment"
"D7_2","SC-79_L1.2-W0.8-LS1.6-RD","58.3412mm","94.5146mm","58.3412mm","94.5146mm","57.556mm","94.5146mm","T","360.00","Comment"
"D6_2","SC-79_L1.2-W0.8-LS1.6-RD","58.3412mm","121.5146mm","58.3412mm","121.5146mm","57.556mm","121.5146mm","T","360.00","Comment"
"D5_2","SC-79_L1.2-W0.8-LS1.6-RD","58.3412mm","148.5146mm","58.3412mm","148.5146mm","57.556mm","148.5146mm","T","360.00","Comment"
"D4_2","SC-79_L1.2-W0.8-LS1.6-RD","58.3412mm","175.5146mm","58.3412mm","175.5146mm","57.556mm","175.5146mm","T","360.00","Comment"
"D3_2","SC-79_L1.2-W0.8-LS1.6-RD","58.3412mm","202.5146mm","58.3412mm","202.5146mm","57.556mm","202.5146mm","T","360.00","Comment"
"D2_2","SC-79_L1.2-W0.8-LS1.6-RD","58.3412mm","229.5146mm","58.3412mm","229.5146mm","57.556mm","229.5146mm","T","360.00","Comment"
"FL10_2","L0402","67.4834mm","23.6985mm","67.4834mm","23.6985mm","67.4834mm","24.2436mm","T","270.00","Comment"
"FL9_2","L0402","67.4834mm","50.6985mm","67.4834mm","50.6985mm","67.4834mm","51.2436mm","T","270.00","Comment"
"FL8_2","L0402","67.4834mm","77.6985mm","67.4834mm","77.6985mm","67.4834mm","78.2436mm","T","270.00","Comment"
"FL7_2","L0402","67.4834mm","104.6985mm","67.4834mm","104.6985mm","67.4834mm","105.2436mm","T","270.00","Comment"
"FL6_2","L0402","67.4834mm","131.6985mm","67.4834mm","131.6985mm","67.4834mm","132.2436mm","T","270.00","Comment"
"FL5_2","L0402","67.4834mm","158.6985mm","67.4834mm","158.6985mm","67.4834mm","159.2436mm","T","270.00","Comment"
"FL4_2","L0402","67.4834mm","185.6985mm","67.4834mm","185.6985mm","67.4834mm","186.2436mm","T","270.00","Comment"
"FL3_2","L0402","67.4834mm","212.6985mm","67.4834mm","212.6985mm","67.4834mm","213.2436mm","T","270.00","Comment"
"FL2_2","L0402","67.4834mm","239.6985mm","67.4834mm","239.6985mm","67.4834mm","240.2436mm","T","270.00","Comment"
"D1_2","SC-79_L1.2-W0.8-LS1.6-RD","58.3412mm","256.5146mm","58.3412mm","256.5146mm","57.556mm","256.5146mm","T","360.00","Comment"
"FL1_2","L0402","67.4834mm","266.6985mm","67.4834mm","266.6985mm","67.4834mm","267.2436mm","T","270.00","Comment"
"D10_3","SC-79_L1.2-W0.8-LS1.6-RD","85.3412mm","13.5146mm","85.3412mm","13.5146mm","84.556mm","13.5146mm","T","360.00","Comment"
"D9_3","SC-79_L1.2-W0.8-LS1.6-RD","85.3412mm","40.5146mm","85.3412mm","40.5146mm","84.556mm","40.5146mm","T","360.00","Comment"
"D8_3","SC-79_L1.2-W0.8-LS1.6-RD","85.3412mm","67.5146mm","85.3412mm","67.5146mm","84.556mm","67.5146mm","T","360.00","Comment"
"D7_3","SC-79_L1.2-W0.8-LS1.6-RD","85.3412mm","94.5146mm","85.3412mm","94.5146mm","84.556mm","94.5146mm","T","360.00","Comment"
"D6_3","SC-79_L1.2-W0.8-LS1.6-RD","85.3412mm","121.5146mm","85.3412mm","121.5146mm","84.556mm","121.5146mm","T","360.00","Comment"
"D5_3","SC-79_L1.2-W0.8-LS1.6-RD","85.3412mm","148.5146mm","85.3412mm","148.5146mm","84.556mm","148.5146mm","T","360.00","Comment"
"D4_3","SC-79_L1.2-W0.8-LS1.6-RD","85.3412mm","175.5146mm","85.3412mm","175.5146mm","84.556mm","175.5146mm","T","360.00","Comment"
"D3_3","SC-79_L1.2-W0.8-LS1.6-RD","85.3412mm","202.5146mm","85.3412mm","202.5146mm","84.556mm","202.5146mm","T","360.00","Comment"
"D2_3","SC-79_L1.2-W0.8-LS1.6-RD","85.3412mm","229.5146mm","85.3412mm","229.5146mm","84.556mm","229.5146mm","T","360.00","Comment"
"FL10_3","L0402","94.4834mm","23.6985mm","94.4834mm","23.6985mm","94.4834mm","24.2436mm","T","270.00","Comment"
"FL9_3","L0402","94.4834mm","50.6985mm","94.4834mm","50.6985mm","94.4834mm","51.2436mm","T","270.00","Comment"
"FL8_3","L0402","94.4834mm","77.6985mm","94.4834mm","77.6985mm","94.4834mm","78.2436mm","T","270.00","Comment"
"FL7_3","L0402","94.4834mm","104.6985mm","94.4834mm","104.6985mm","94.4834mm","105.2436mm","T","270.00","Comment"
"FL6_3","L0402","94.4834mm","131.6985mm","94.4834mm","131.6985mm","94.4834mm","132.2436mm","T","270.00","Comment"
"FL5_3","L0402","94.4834mm","158.6985mm","94.4834mm","158.6985mm","94.4834mm","159.2436mm","T","270.00","Comment"
"FL4_3","L0402","94.4834mm","185.6985mm","94.4834mm","185.6985mm","94.4834mm","186.2436mm","T","270.00","Comment"
"FL3_3","L0402","94.4834mm","212.6985mm","94.4834mm","212.6985mm","94.4834mm","213.2436mm","T","270.00","Comment"
"FL2_3","L0402","94.4834mm","239.6985mm","94.4834mm","239.6985mm","94.4834mm","240.2436mm","T","270.00","Comment"
"D1_3","SC-79_L1.2-W0.8-LS1.6-RD","85.3412mm","256.5146mm","85.3412mm","256.5146mm","84.556mm","256.5146mm","T","360.00","Comment"
"FL1_3","L0402","94.4834mm","266.6985mm","94.4834mm","266.6985mm","94.4834mm","267.2436mm","T","270.00","Comment"
"D10_4","SC-79_L1.2-W0.8-LS1.6-RD","112.3412mm","13.5146mm","112.3412mm","13.5146mm","111.556mm","13.5146mm","T","360.00","Comment"
"D9_4","SC-79_L1.2-W0.8-LS1.6-RD","112.3412mm","40.5146mm","112.3412mm","40.5146mm","111.556mm","40.5146mm","T","360.00","Comment"
"D8_4","SC-79_L1.2-W0.8-LS1.6-RD","112.3412mm","67.5146mm","112.3412mm","67.5146mm","111.556mm","67.5146mm","T","360.00","Comment"
"D7_4","SC-79_L1.2-W0.8-LS1.6-RD","112.3412mm","94.5146mm","112.3412mm","94.5146mm","111.556mm","94.5146mm","T","360.00","Comment"
"D6_4","SC-79_L1.2-W0.8-LS1.6-RD","112.3412mm","121.5146mm","112.3412mm","121.5146mm","111.556mm","121.5146mm","T","360.00","Comment"
"D5_4","SC-79_L1.2-W0.8-LS1.6-RD","112.3412mm","148.5146mm","112.3412mm","148.5146mm","111.556mm","148.5146mm","T","360.00","Comment"
"D4_4","SC-79_L1.2-W0.8-LS1.6-RD","112.3412mm","175.5146mm","112.3412mm","175.5146mm","111.556mm","175.5146mm","T","360.00","Comment"
"D3_4","SC-79_L1.2-W0.8-LS1.6-RD","112.3412mm","202.5146mm","112.3412mm","202.5146mm","111.556mm","202.5146mm","T","360.00","Comment"
"D2_4","SC-79_L1.2-W0.8-LS1.6-RD","112.3412mm","229.5146mm","112.3412mm","229.5146mm","111.556mm","229.5146mm","T","360.00","Comment"
"FL10_4","L0402","121.4834mm","23.6985mm","121.4834mm","23.6985mm","121.4834mm","24.2436mm","T","270.00","Comment"
"FL9_4","L0402","121.4834mm","50.6985mm","121.4834mm","50.6985mm","121.4834mm","51.2436mm","T","270.00","Comment"
"FL8_4","L0402","121.4834mm","77.6985mm","121.4834mm","77.6985mm","121.4834mm","78.2436mm","T","270.00","Comment"
"FL7_4","L0402","121.4834mm","104.6985mm","121.4834mm","104.6985mm","121.4834mm","105.2436mm","T","270.00","Comment"
"FL6_4","L0402","121.4834mm","131.6985mm","121.4834mm","131.6985mm","121.4834mm","132.2436mm","T","270.00","Comment"
"FL5_4","L0402","121.4834mm","158.6985mm","121.4834mm","158.6985mm","121.4834mm","159.2436mm","T","270.00","Comment"
"FL4_4","L0402","121.4834mm","185.6985mm","121.4834mm","185.6985mm","121.4834mm","186.2436mm","T","270.00","Comment"
"FL3_4","L0402","121.4834mm","212.6985mm","121.4834mm","212.6985mm","121.4834mm","213.2436mm","T","270.00","Comment"
"FL2_4","L0402","121.4834mm","239.6985mm","121.4834mm","239.6985mm","121.4834mm","240.2436mm","T","270.00","Comment"
"D1_4","SC-79_L1.2-W0.8-LS1.6-RD","112.3412mm","256.5146mm","112.3412mm","256.5146mm","111.556mm","256.5146mm","T","360.00","Comment"
"FL1_4","L0402","121.4834mm","266.6985mm","121.4834mm","266.6985mm","121.4834mm","267.2436mm","T","270.00","Comment"
"D10_5","SC-79_L1.2-W0.8-LS1.6-RD","139.3412mm","13.5146mm","139.3412mm","13.5146mm","138.556mm","13.5146mm","T","360.00","Comment"
"D9_5","SC-79_L1.2-W0.8-LS1.6-RD","139.3412mm","40.5146mm","139.3412mm","40.5146mm","138.556mm","40.5146mm","T","360.00","Comment"
"D8_5","SC-79_L1.2-W0.8-LS1.6-RD","139.3412mm","67.5146mm","139.3412mm","67.5146mm","138.556mm","67.5146mm","T","360.00","Comment"
"D7_5","SC-79_L1.2-W0.8-LS1.6-RD","139.3412mm","94.5146mm","139.3412mm","94.5146mm","138.556mm","94.5146mm","T","360.00","Comment"
"D6_5","SC-79_L1.2-W0.8-LS1.6-RD","139.3412mm","121.5146mm","139.3412mm","121.5146mm","138.556mm","121.5146mm","T","360.00","Comment"
"D5_5","SC-79_L1.2-W0.8-LS1.6-RD","139.3412mm","148.5146mm","139.3412mm","148.5146mm","138.556mm","148.5146mm","T","360.00","Comment"
"D4_5","SC-79_L1.2-W0.8-LS1.6-RD","139.3412mm","175.5146mm","139.3412mm","175.5146mm","138.556mm","175.5146mm","T","360.00","Comment"
"D3_5","SC-79_L1.2-W0.8-LS1.6-RD","139.3412mm","202.5146mm","139.3412mm","202.5146mm","138.556mm","202.5146mm","T","360.00","Comment"
"D2_5","SC-79_L1.2-W0.8-LS1.6-RD","139.3412mm","229.5146mm","139.3412mm","229.5146mm","138.556mm","229.5146mm","T","360.00","Comment"
"FL10_5","L0402","148.4834mm","23.6985mm","148.4834mm","23.6985mm","148.4834mm","24.2436mm","T","270.00","Comment"
"FL9_5","L0402","148.4834mm","50.6985mm","148.4834mm","50.6985mm","148.4834mm","51.2436mm","T","270.00","Comment"
"FL8_5","L0402","148.4834mm","77.6985mm","148.4834mm","77.6985mm","148.4834mm","78.2436mm","T","270.00","Comment"
"FL7_5","L0402","148.4834mm","104.6985mm","148.4834mm","104.6985mm","148.4834mm","105.2436mm","T","270.00","Comment"
"FL6_5","L0402","148.4834mm","131.6985mm","148.4834mm","131.6985mm","148.4834mm","132.2436mm","T","270.00","Comment"
"FL5_5","L0402","148.4834mm","158.6985mm","148.4834mm","158.6985mm","148.4834mm","159.2436mm","T","270.00","Comment"
"FL4_5","L0402","148.4834mm","185.6985mm","148.4834mm","185.6985mm","148.4834mm","186.2436mm","T","270.00","Comment"
"FL3_5","L0402","148.4834mm","212.6985mm","148.4834mm","212.6985mm","148.4834mm","213.2436mm","T","270.00","Comment"
"FL2_5","L0402","148.4834mm","239.6985mm","148.4834mm","239.6985mm","148.4834mm","240.2436mm","T","270.00","Comment"
"D1_5","SC-79_L1.2-W0.8-LS1.6-RD","139.3412mm","256.5146mm","139.3412mm","256.5146mm","138.556mm","256.5146mm","T","360.00","Comment"
"FL1_5","L0402","148.4834mm","266.6985mm","148.4834mm","266.6985mm","148.4834mm","267.2436mm","T","270.00","Comment"
"D10_6","SC-79_L1.2-W0.8-LS1.6-RD","166.3412mm","13.5146mm","166.3412mm","13.5146mm","165.556mm","13.5146mm","T","360.00","Comment"
"D9_6","SC-79_L1.2-W0.8-LS1.6-RD","166.3412mm","40.5146mm","166.3412mm","40.5146mm","165.556mm","40.5146mm","T","360.00","Comment"
"D8_6","SC-79_L1.2-W0.8-LS1.6-RD","166.3412mm","67.5146mm","166.3412mm","67.5146mm","165.556mm","67.5146mm","T","360.00","Comment"
"D7_6","SC-79_L1.2-W0.8-LS1.6-RD","166.3412mm","94.5146mm","166.3412mm","94.5146mm","165.556mm","94.5146mm","T","360.00","Comment"
"D6_6","SC-79_L1.2-W0.8-LS1.6-RD","166.3412mm","121.5146mm","166.3412mm","121.5146mm","165.556mm","121.5146mm","T","360.00","Comment"
"D5_6","SC-79_L1.2-W0.8-LS1.6-RD","166.3412mm","148.5146mm","166.3412mm","148.5146mm","165.556mm","148.5146mm","T","360.00","Comment"
"D4_6","SC-79_L1.2-W0.8-LS1.6-RD","166.3412mm","175.5146mm","166.3412mm","175.5146mm","165.556mm","175.5146mm","T","360.00","Comment"
"D3_6","SC-79_L1.2-W0.8-LS1.6-RD","166.3412mm","202.5146mm","166.3412mm","202.5146mm","165.556mm","202.5146mm","T","360.00","Comment"
"D2_6","SC-79_L1.2-W0.8-LS1.6-RD","166.3412mm","229.5146mm","166.3412mm","229.5146mm","165.556mm","229.5146mm","T","360.00","Comment"
"FL10_6","L0402","175.4834mm","23.6985mm","175.4834mm","23.6985mm","175.4834mm","24.2436mm","T","270.00","Comment"
"FL9_6","L0402","175.4834mm","50.6985mm","175.4834mm","50.6985mm","175.4834mm","51.2436mm","T","270.00","Comment"
"FL8_6","L0402","175.4834mm","77.6985mm","175.4834mm","77.6985mm","175.4834mm","78.2436mm","T","270.00","Comment"
"FL7_6","L0402","175.4834mm","104.6985mm","175.4834mm","104.6985mm","175.4834mm","105.2436mm","T","270.00","Comment"
"FL6_6","L0402","175.4834mm","131.6985mm","175.4834mm","131.6985mm","175.4834mm","132.2436mm","T","270.00","Comment"
"FL5_6","L0402","175.4834mm","158.6985mm","175.4834mm","158.6985mm","175.4834mm","159.2436mm","T","270.00","Comment"
"FL4_6","L0402","175.4834mm","185.6985mm","175.4834mm","185.6985mm","175.4834mm","186.2436mm","T","270.00","Comment"
"FL3_6","L0402","175.4834mm","212.6985mm","175.4834mm","212.6985mm","175.4834mm","213.2436mm","T","270.00","Comment"
"FL2_6","L0402","175.4834mm","239.6985mm","175.4834mm","239.6985mm","175.4834mm","240.2436mm","T","270.00","Comment"
"D1_6","SC-79_L1.2-W0.8-LS1.6-RD","166.3412mm","256.5146mm","166.3412mm","256.5146mm","165.556mm","256.5146mm","T","360.00","Comment"
"FL1_6","L0402","175.4834mm","266.6985mm","175.4834mm","266.6985mm","175.4834mm","267.2436mm","T","270.00","Comment"
"D10_7","SC-79_L1.2-W0.8-LS1.6-RD","193.3412mm","13.5146mm","193.3412mm","13.5146mm","192.556mm","13.5146mm","T","360.00","Comment"
"D9_7","SC-79_L1.2-W0.8-LS1.6-RD","193.3412mm","40.5146mm","193.3412mm","40.5146mm","192.556mm","40.5146mm","T","360.00","Comment"
"D8_7","SC-79_L1.2-W0.8-LS1.6-RD","193.3412mm","67.5146mm","193.3412mm","67.5146mm","192.556mm","67.5146mm","T","360.00","Comment"
"D7_7","SC-79_L1.2-W0.8-LS1.6-RD","193.3412mm","94.5146mm","193.3412mm","94.5146mm","192.556mm","94.5146mm","T","360.00","Comment"
"D6_7","SC-79_L1.2-W0.8-LS1.6-RD","193.3412mm","121.5146mm","193.3412mm","121.5146mm","192.556mm","121.5146mm","T","360.00","Comment"
"D5_7","SC-79_L1.2-W0.8-LS1.6-RD","193.3412mm","148.5146mm","193.3412mm","148.5146mm","192.556mm","148.5146mm","T","360.00","Comment"
"D4_7","SC-79_L1.2-W0.8-LS1.6-RD","193.3412mm","175.5146mm","193.3412mm","175.5146mm","192.556mm","175.5146mm","T","360.00","Comment"
"D3_7","SC-79_L1.2-W0.8-LS1.6-RD","193.3412mm","202.5146mm","193.3412mm","202.5146mm","192.556mm","202.5146mm","T","360.00","Comment"
"D2_7","SC-79_L1.2-W0.8-LS1.6-RD","193.3412mm","229.5146mm","193.3412mm","229.5146mm","192.556mm","229.5146mm","T","360.00","Comment"
"FL10_7","L0402","202.4834mm","23.6985mm","202.4834mm","23.6985mm","202.4834mm","24.2436mm","T","270.00","Comment"
"FL9_7","L0402","202.4834mm","50.6985mm","202.4834mm","50.6985mm","202.4834mm","51.2436mm","T","270.00","Comment"
"FL8_7","L0402","202.4834mm","77.6985mm","202.4834mm","77.6985mm","202.4834mm","78.2436mm","T","270.00","Comment"
"FL7_7","L0402","202.4834mm","104.6985mm","202.4834mm","104.6985mm","202.4834mm","105.2436mm","T","270.00","Comment"
"FL6_7","L0402","202.4834mm","131.6985mm","202.4834mm","131.6985mm","202.4834mm","132.2436mm","T","270.00","Comment"
"FL5_7","L0402","202.4834mm","158.6985mm","202.4834mm","158.6985mm","202.4834mm","159.2436mm","T","270.00","Comment"
"FL4_7","L0402","202.4834mm","185.6985mm","202.4834mm","185.6985mm","202.4834mm","186.2436mm","T","270.00","Comment"
"FL3_7","L0402","202.4834mm","212.6985mm","202.4834mm","212.6985mm","202.4834mm","213.2436mm","T","270.00","Comment"
"FL2_7","L0402","202.4834mm","239.6985mm","202.4834mm","239.6985mm","202.4834mm","240.2436mm","T","270.00","Comment"
"D1_7","SC-79_L1.2-W0.8-LS1.6-RD","193.3412mm","256.5146mm","193.3412mm","256.5146mm","192.556mm","256.5146mm","T","360.00","Comment"
"FL1_7","L0402","202.4834mm","266.6985mm","202.4834mm","266.6985mm","202.4834mm","267.2436mm","T","270.00","Comment"
"D10_8","SC-79_L1.2-W0.8-LS1.6-RD","220.3412mm","13.5146mm","220.3412mm","13.5146mm","219.556mm","13.5146mm","T","360.00","Comment"
"D9_8","SC-79_L1.2-W0.8-LS1.6-RD","220.3412mm","40.5146mm","220.3412mm","40.5146mm","219.556mm","40.5146mm","T","360.00","Comment"
"D8_8","SC-79_L1.2-W0.8-LS1.6-RD","220.3412mm","67.5146mm","220.3412mm","67.5146mm","219.556mm","67.5146mm","T","360.00","Comment"
"D7_8","SC-79_L1.2-W0.8-LS1.6-RD","220.3412mm","94.5146mm","220.3412mm","94.5146mm","219.556mm","94.5146mm","T","360.00","Comment"
"D6_8","SC-79_L1.2-W0.8-LS1.6-RD","220.3412mm","121.5146mm","220.3412mm","121.5146mm","219.556mm","121.5146mm","T","360.00","Comment"
"D5_8","SC-79_L1.2-W0.8-LS1.6-RD","220.3412mm","148.5146mm","220.3412mm","148.5146mm","219.556mm","148.5146mm","T","360.00","Comment"
"D4_8","SC-79_L1.2-W0.8-LS1.6-RD","220.3412mm","175.5146mm","220.3412mm","175.5146mm","219.556mm","175.5146mm","T","360.00","Comment"
"D3_8","SC-79_L1.2-W0.8-LS1.6-RD","220.3412mm","202.5146mm","220.3412mm","202.5146mm","219.556mm","202.5146mm","T","360.00","Comment"
"D2_8","SC-79_L1.2-W0.8-LS1.6-RD","220.3412mm","229.5146mm","220.3412mm","229.5146mm","219.556mm","229.5146mm","T","360.00","Comment"
"FL10_8","L0402","229.4834mm","23.6985mm","229.4834mm","23.6985mm","229.4834mm","24.2436mm","T","270.00","Comment"
"FL9_8","L0402","229.4834mm","50.6985mm","229.4834mm","50.6985mm","229.4834mm","51.2436mm","T","270.00","Comment"
"FL8_8","L0402","229.4834mm","77.6985mm","229.4834mm","77.6985mm","229.4834mm","78.2436mm","T","270.00","Comment"
"FL7_8","L0402","229.4834mm","104.6985mm","229.4834mm","104.6985mm","229.4834mm","105.2436mm","T","270.00","Comment"
"FL6_8","L0402","229.4834mm","131.6985mm","229.4834mm","131.6985mm","229.4834mm","132.2436mm","T","270.00","Comment"
"FL5_8","L0402","229.4834mm","158.6985mm","229.4834mm","158.6985mm","229.4834mm","159.2436mm","T","270.00","Comment"
"FL4_8","L0402","229.4834mm","185.6985mm","229.4834mm","185.6985mm","229.4834mm","186.2436mm","T","270.00","Comment"
"FL3_8","L0402","229.4834mm","212.6985mm","229.4834mm","212.6985mm","229.4834mm","213.2436mm","T","270.00","Comment"
"FL2_8","L0402","229.4834mm","239.6985mm","229.4834mm","239.6985mm","229.4834mm","240.2436mm","T","270.00","Comment"
"D1_8","SC-79_L1.2-W0.8-LS1.6-RD","220.3412mm","256.5146mm","220.3412mm","256.5146mm","219.556mm","256.5146mm","T","360.00","Comment"
"FL1_8","L0402","229.4834mm","266.6985mm","229.4834mm","266.6985mm","229.4834mm","267.2436mm","T","270.00","Comment"
"D10_9","SC-79_L1.2-W0.8-LS1.6-RD","247.3412mm","13.5146mm","247.3412mm","13.5146mm","246.556mm","13.5146mm","T","360.00","Comment"
"D9_9","SC-79_L1.2-W0.8-LS1.6-RD","247.3412mm","40.5146mm","247.3412mm","40.5146mm","246.556mm","40.5146mm","T","360.00","Comment"
"D8_9","SC-79_L1.2-W0.8-LS1.6-RD","247.3412mm","67.5146mm","247.3412mm","67.5146mm","246.556mm","67.5146mm","T","360.00","Comment"
"D7_9","SC-79_L1.2-W0.8-LS1.6-RD","247.3412mm","94.5146mm","247.3412mm","94.5146mm","246.556mm","94.5146mm","T","360.00","Comment"
"D6_9","SC-79_L1.2-W0.8-LS1.6-RD","247.3412mm","121.5146mm","247.3412mm","121.5146mm","246.556mm","121.5146mm","T","360.00","Comment"
"D5_9","SC-79_L1.2-W0.8-LS1.6-RD","247.3412mm","148.5146mm","247.3412mm","148.5146mm","246.556mm","148.5146mm","T","360.00","Comment"
"D4_9","SC-79_L1.2-W0.8-LS1.6-RD","247.3412mm","175.5146mm","247.3412mm","175.5146mm","246.556mm","175.5146mm","T","360.00","Comment"
"D3_9","SC-79_L1.2-W0.8-LS1.6-RD","247.3412mm","202.5146mm","247.3412mm","202.5146mm","246.556mm","202.5146mm","T","360.00","Comment"
"D2_9","SC-79_L1.2-W0.8-LS1.6-RD","247.3412mm","229.5146mm","247.3412mm","229.5146mm","246.556mm","229.5146mm","T","360.00","Comment"
"FL10_9","L0402","256.4834mm","23.6985mm","256.4834mm","23.6985mm","256.4834mm","24.2436mm","T","270.00","Comment"
"FL9_9","L0402","256.4834mm","50.6985mm","256.4834mm","50.6985mm","256.4834mm","51.2436mm","T","270.00","Comment"
"FL8_9","L0402","256.4834mm","77.6985mm","256.4834mm","77.6985mm","256.4834mm","78.2436mm","T","270.00","Comment"
"FL7_9","L0402","256.4834mm","104.6985mm","256.4834mm","104.6985mm","256.4834mm","105.2436mm","T","270.00","Comment"
"FL6_9","L0402","256.4834mm","131.6985mm","256.4834mm","131.6985mm","256.4834mm","132.2436mm","T","270.00","Comment"
"FL5_9","L0402","256.4834mm","158.6985mm","256.4834mm","158.6985mm","256.4834mm","159.2436mm","T","270.00","Comment"
"FL4_9","L0402","256.4834mm","185.6985mm","256.4834mm","185.6985mm","256.4834mm","186.2436mm","T","270.00","Comment"
"FL3_9","L0402","256.4834mm","212.6985mm","256.4834mm","212.6985mm","256.4834mm","213.2436mm","T","270.00","Comment"
"FL2_9","L0402","256.4834mm","239.6985mm","256.4834mm","239.6985mm","256.4834mm","240.2436mm","T","270.00","Comment"
"D1_9","SC-79_L1.2-W0.8-LS1.6-RD","247.3412mm","256.5146mm","247.3412mm","256.5146mm","246.556mm","256.5146mm","T","360.00","Comment"
"FL1_9","L0402","256.4834mm","266.6985mm","256.4834mm","266.6985mm","256.4834mm","267.2436mm","T","270.00","Comment"
"D10_10","SC-79_L1.2-W0.8-LS1.6-RD","274.3412mm","13.5146mm","274.3412mm","13.5146mm","273.556mm","13.5146mm","T","360.00","Comment"
"D9_10","SC-79_L1.2-W0.8-LS1.6-RD","274.3412mm","40.5146mm","274.3412mm","40.5146mm","273.556mm","40.5146mm","T","360.00","Comment"
"D8_10","SC-79_L1.2-W0.8-LS1.6-RD","274.3412mm","67.5146mm","274.3412mm","67.5146mm","273.556mm","67.5146mm","T","360.00","Comment"
"D7_10","SC-79_L1.2-W0.8-LS1.6-RD","274.3412mm","94.5146mm","274.3412mm","94.5146mm","273.556mm","94.5146mm","T","360.00","Comment"
"D6_10","SC-79_L1.2-W0.8-LS1.6-RD","274.3412mm","121.5146mm","274.3412mm","121.5146mm","273.556mm","121.5146mm","T","360.00","Comment"
"D5_10","SC-79_L1.2-W0.8-LS1.6-RD","274.3412mm","148.5146mm","274.3412mm","148.5146mm","273.556mm","148.5146mm","T","360.00","Comment"
"D4_10","SC-79_L1.2-W0.8-LS1.6-RD","274.3412mm","175.5146mm","274.3412mm","175.5146mm","273.556mm","175.5146mm","T","360.00","Comment"
"D3_10","SC-79_L1.2-W0.8-LS1.6-RD","274.3412mm","202.5146mm","274.3412mm","202.5146mm","273.556mm","202.5146mm","T","360.00","Comment"
"D2_10","SC-79_L1.2-W0.8-LS1.6-RD","274.3412mm","229.5146mm","274.3412mm","229.5146mm","273.556mm","229.5146mm","T","360.00","Comment"
"FL10_10","L0402","283.4834mm","23.6985mm","283.4834mm","23.6985mm","283.4834mm","24.2436mm","T","270.00","Comment"
"FL9_10","L0402","283.4834mm","50.6985mm","283.4834mm","50.6985mm","283.4834mm","51.2436mm","T","270.00","Comment"
"FL8_10","L0402","283.4834mm","77.6985mm","283.4834mm","77.6985mm","283.4834mm","78.2436mm","T","270.00","Comment"
"FL7_10","L0402","283.4834mm","104.6985mm","283.4834mm","104.6985mm","283.4834mm","105.2436mm","T","270.00","Comment"
"FL6_10","L0402","283.4834mm","131.6985mm","283.4834mm","131.6985mm","283.4834mm","132.2436mm","T","270.00","Comment"
"FL5_10","L0402","283.4834mm","158.6985mm","283.4834mm","158.6985mm","283.4834mm","159.2436mm","T","270.00","Comment"
"FL4_10","L0402","283.4834mm","185.6985mm","283.4834mm","185.6985mm","283.4834mm","186.2436mm","T","270.00","Comment"
"FL3_10","L0402","283.4834mm","212.6985mm","283.4834mm","212.6985mm","283.4834mm","213.2436mm","T","270.00","Comment"
"FL2_10","L0402","283.4834mm","239.6985mm","283.4834mm","239.6985mm","283.4834mm","240.2436mm","T","270.00","Comment"
"D1_10","SC-79_L1.2-W0.8-LS1.6-RD","274.3412mm","256.5146mm","274.3412mm","256.5146mm","273.556mm","256.5146mm","T","360.00","Comment"
"FL1_10","L0402","283.4834mm","266.6985mm","283.4834mm","266.6985mm","283.4834mm","267.2436mm","T","270.00","Comment"
"D10_11","SC-79_L1.2-W0.8-LS1.6-RD","301.3412mm","13.5146mm","301.3412mm","13.5146mm","300.556mm","13.5146mm","T","360.00","Comment"
"D9_11","SC-79_L1.2-W0.8-LS1.6-RD","301.3412mm","40.5146mm","301.3412mm","40.5146mm","300.556mm","40.5146mm","T","360.00","Comment"
"D8_11","SC-79_L1.2-W0.8-LS1.6-RD","301.3412mm","67.5146mm","301.3412mm","67.5146mm","300.556mm","67.5146mm","T","360.00","Comment"
"D7_11","SC-79_L1.2-W0.8-LS1.6-RD","301.3412mm","94.5146mm","301.3412mm","94.5146mm","300.556mm","94.5146mm","T","360.00","Comment"
"D6_11","SC-79_L1.2-W0.8-LS1.6-RD","301.3412mm","121.5146mm","301.3412mm","121.5146mm","300.556mm","121.5146mm","T","360.00","Comment"
"D5_11","SC-79_L1.2-W0.8-LS1.6-RD","301.3412mm","148.5146mm","301.3412mm","148.5146mm","300.556mm","148.5146mm","T","360.00","Comment"
"D4_11","SC-79_L1.2-W0.8-LS1.6-RD","301.3412mm","175.5146mm","301.3412mm","175.5146mm","300.556mm","175.5146mm","T","360.00","Comment"
"D3_11","SC-79_L1.2-W0.8-LS1.6-RD","301.3412mm","202.5146mm","301.3412mm","202.5146mm","300.556mm","202.5146mm","T","360.00","Comment"
"D2_11","SC-79_L1.2-W0.8-LS1.6-RD","301.3412mm","229.5146mm","301.3412mm","229.5146mm","300.556mm","229.5146mm","T","360.00","Comment"
"FL10_11","L0402","310.4834mm","23.6985mm","310.4834mm","23.6985mm","310.4834mm","24.2436mm","T","270.00","Comment"
"FL9_11","L0402","310.4834mm","50.6985mm","310.4834mm","50.6985mm","310.4834mm","51.2436mm","T","270.00","Comment"
"FL8_11","L0402","310.4834mm","77.6985mm","310.4834mm","77.6985mm","310.4834mm","78.2436mm","T","270.00","Comment"
"FL7_11","L0402","310.4834mm","104.6985mm","310.4834mm","104.6985mm","310.4834mm","105.2436mm","T","270.00","Comment"
"FL6_11","L0402","310.4834mm","131.6985mm","310.4834mm","131.6985mm","310.4834mm","132.2436mm","T","270.00","Comment"
"FL5_11","L0402","310.4834mm","158.6985mm","310.4834mm","158.6985mm","310.4834mm","159.2436mm","T","270.00","Comment"
"FL4_11","L0402","310.4834mm","185.6985mm","310.4834mm","185.6985mm","310.4834mm","186.2436mm","T","270.00","Comment"
"FL3_11","L0402","310.4834mm","212.6985mm","310.4834mm","212.6985mm","310.4834mm","213.2436mm","T","270.00","Comment"
"FL2_11","L0402","310.4834mm","239.6985mm","310.4834mm","239.6985mm","310.4834mm","240.2436mm","T","270.00","Comment"
"D1_11","SC-79_L1.2-W0.8-LS1.6-RD","301.3412mm","256.5146mm","301.3412mm","256.5146mm","300.556mm","256.5146mm","T","360.00","Comment"
"FL1_11","L0402","310.4834mm","266.6985mm","310.4834mm","266.6985mm","310.4834mm","267.2436mm","T","270.00","Comment"
"D10_12","SC-79_L1.2-W0.8-LS1.6-RD","328.3412mm","13.5146mm","328.3412mm","13.5146mm","327.556mm","13.5146mm","T","360.00","Comment"
"D9_12","SC-79_L1.2-W0.8-LS1.6-RD","328.3412mm","40.5146mm","328.3412mm","40.5146mm","327.556mm","40.5146mm","T","360.00","Comment"
"D8_12","SC-79_L1.2-W0.8-LS1.6-RD","328.3412mm","67.5146mm","328.3412mm","67.5146mm","327.556mm","67.5146mm","T","360.00","Comment"
"D7_12","SC-79_L1.2-W0.8-LS1.6-RD","328.3412mm","94.5146mm","328.3412mm","94.5146mm","327.556mm","94.5146mm","T","360.00","Comment"
"D6_12","SC-79_L1.2-W0.8-LS1.6-RD","328.3412mm","121.5146mm","328.3412mm","121.5146mm","327.556mm","121.5146mm","T","360.00","Comment"
"D5_12","SC-79_L1.2-W0.8-LS1.6-RD","328.3412mm","148.5146mm","328.3412mm","148.5146mm","327.556mm","148.5146mm","T","360.00","Comment"
"D4_12","SC-79_L1.2-W0.8-LS1.6-RD","328.3412mm","175.5146mm","328.3412mm","175.5146mm","327.556mm","175.5146mm","T","360.00","Comment"
"D3_12","SC-79_L1.2-W0.8-LS1.6-RD","328.3412mm","202.5146mm","328.3412mm","202.5146mm","327.556mm","202.5146mm","T","360.00","Comment"
"D2_12","SC-79_L1.2-W0.8-LS1.6-RD","328.3412mm","229.5146mm","328.3412mm","229.5146mm","327.556mm","229.5146mm","T","360.00","Comment"
"FL10_12","L0402","337.4834mm","23.6985mm","337.4834mm","23.6985mm","337.4834mm","24.2436mm","T","270.00","Comment"
"FL9_12","L0402","337.4834mm","50.6985mm","337.4834mm","50.6985mm","337.4834mm","51.2436mm","T","270.00","Comment"
"FL8_12","L0402","337.4834mm","77.6985mm","337.4834mm","77.6985mm","337.4834mm","78.2436mm","T","270.00","Comment"
"FL7_12","L0402","337.4834mm","104.6985mm","337.4834mm","104.6985mm","337.4834mm","105.2436mm","T","270.00","Comment"
"FL6_12","L0402","337.4834mm","131.6985mm","337.4834mm","131.6985mm","337.4834mm","132.2436mm","T","270.00","Comment"
"FL5_12","L0402","337.4834mm","158.6985mm","337.4834mm","158.6985mm","337.4834mm","159.2436mm","T","270.00","Comment"
"FL4_12","L0402","337.4834mm","185.6985mm","337.4834mm","185.6985mm","337.4834mm","186.2436mm","T","270.00","Comment"
"FL3_12","L0402","337.4834mm","212.6985mm","337.4834mm","212.6985mm","337.4834mm","213.2436mm","T","270.00","Comment"
"FL2_12","L0402","337.4834mm","239.6985mm","337.4834mm","239.6985mm","337.4834mm","240.2436mm","T","270.00","Comment"
"D1_12","SC-79_L1.2-W0.8-LS1.6-RD","328.3412mm","256.5146mm","328.3412mm","256.5146mm","327.556mm","256.5146mm","T","360.00","Comment"
"FL1_12","L0402","337.4834mm","266.6985mm","337.4834mm","266.6985mm","337.4834mm","267.2436mm","T","270.00","Comment"
"D10_13","SC-79_L1.2-W0.8-LS1.6-RD","355.3412mm","13.5146mm","355.3412mm","13.5146mm","354.556mm","13.5146mm","T","360.00","Comment"
"D9_13","SC-79_L1.2-W0.8-LS1.6-RD","355.3412mm","40.5146mm","355.3412mm","40.5146mm","354.556mm","40.5146mm","T","360.00","Comment"
"D8_13","SC-79_L1.2-W0.8-LS1.6-RD","355.3412mm","67.5146mm","355.3412mm","67.5146mm","354.556mm","67.5146mm","T","360.00","Comment"
"D7_13","SC-79_L1.2-W0.8-LS1.6-RD","355.3412mm","94.5146mm","355.3412mm","94.5146mm","354.556mm","94.5146mm","T","360.00","Comment"
"D6_13","SC-79_L1.2-W0.8-LS1.6-RD","355.3412mm","121.5146mm","355.3412mm","121.5146mm","354.556mm","121.5146mm","T","360.00","Comment"
"D5_13","SC-79_L1.2-W0.8-LS1.6-RD","355.3412mm","148.5146mm","355.3412mm","148.5146mm","354.556mm","148.5146mm","T","360.00","Comment"
"D4_13","SC-79_L1.2-W0.8-LS1.6-RD","355.3412mm","175.5146mm","355.3412mm","175.5146mm","354.556mm","175.5146mm","T","360.00","Comment"
"D3_13","SC-79_L1.2-W0.8-LS1.6-RD","355.3412mm","202.5146mm","355.3412mm","202.5146mm","354.556mm","202.5146mm","T","360.00","Comment"
"D2_13","SC-79_L1.2-W0.8-LS1.6-RD","355.3412mm","229.5146mm","355.3412mm","229.5146mm","354.556mm","229.5146mm","T","360.00","Comment"
"FL10_13","L0402","364.4834mm","23.6985mm","364.4834mm","23.6985mm","364.4834mm","24.2436mm","T","270.00","Comment"
"FL9_13","L0402","364.4834mm","50.6985mm","364.4834mm","50.6985mm","364.4834mm","51.2436mm","T","270.00","Comment"
"FL8_13","L0402","364.4834mm","77.6985mm","364.4834mm","77.6985mm","364.4834mm","78.2436mm","T","270.00","Comment"
"FL7_13","L0402","364.4834mm","104.6985mm","364.4834mm","104.6985mm","364.4834mm","105.2436mm","T","270.00","Comment"
"FL6_13","L0402","364.4834mm","131.6985mm","364.4834mm","131.6985mm","364.4834mm","132.2436mm","T","270.00","Comment"
"FL5_13","L0402","364.4834mm","158.6985mm","364.4834mm","158.6985mm","364.4834mm","159.2436mm","T","270.00","Comment"
"FL4_13","L0402","364.4834mm","185.6985mm","364.4834mm","185.6985mm","364.4834mm","186.2436mm","T","270.00","Comment"
"FL3_13","L0402","364.4834mm","212.6985mm","364.4834mm","212.6985mm","364.4834mm","213.2436mm","T","270.00","Comment"
"FL2_13","L0402","364.4834mm","239.6985mm","364.4834mm","239.6985mm","364.4834mm","240.2436mm","T","270.00","Comment"
"D1_13","SC-79_L1.2-W0.8-LS1.6-RD","355.3412mm","256.5146mm","355.3412mm","256.5146mm","354.556mm","256.5146mm","T","360.00","Comment"
"FL1_13","L0402","364.4834mm","266.6985mm","364.4834mm","266.6985mm","364.4834mm","267.2436mm","T","270.00","Comment"
"D10_14","SC-79_L1.2-W0.8-LS1.6-RD","382.3412mm","13.5146mm","382.3412mm","13.5146mm","381.556mm","13.5146mm","T","360.00","Comment"
"D9_14","SC-79_L1.2-W0.8-LS1.6-RD","382.3412mm","40.5146mm","382.3412mm","40.5146mm","381.556mm","40.5146mm","T","360.00","Comment"
"D8_14","SC-79_L1.2-W0.8-LS1.6-RD","382.3412mm","67.5146mm","382.3412mm","67.5146mm","381.556mm","67.5146mm","T","360.00","Comment"
"D7_14","SC-79_L1.2-W0.8-LS1.6-RD","382.3412mm","94.5146mm","382.3412mm","94.5146mm","381.556mm","94.5146mm","T","360.00","Comment"
"D6_14","SC-79_L1.2-W0.8-LS1.6-RD","382.3412mm","121.5146mm","382.3412mm","121.5146mm","381.556mm","121.5146mm","T","360.00","Comment"
"D5_14","SC-79_L1.2-W0.8-LS1.6-RD","382.3412mm","148.5146mm","382.3412mm","148.5146mm","381.556mm","148.5146mm","T","360.00","Comment"
"D4_14","SC-79_L1.2-W0.8-LS1.6-RD","382.3412mm","175.5146mm","382.3412mm","175.5146mm","381.556mm","175.5146mm","T","360.00","Comment"
"D3_14","SC-79_L1.2-W0.8-LS1.6-RD","382.3412mm","202.5146mm","382.3412mm","202.5146mm","381.556mm","202.5146mm","T","360.00","Comment"
"D2_14","SC-79_L1.2-W0.8-LS1.6-RD","382.3412mm","229.5146mm","382.3412mm","229.5146mm","381.556mm","229.5146mm","T","360.00","Comment"
"FL10_14","L0402","391.4834mm","23.6985mm","391.4834mm","23.6985mm","391.4834mm","24.2436mm","T","270.00","Comment"
"FL9_14","L0402","391.4834mm","50.6985mm","391.4834mm","50.6985mm","391.4834mm","51.2436mm","T","270.00","Comment"
"FL8_14","L0402","391.4834mm","77.6985mm","391.4834mm","77.6985mm","391.4834mm","78.2436mm","T","270.00","Comment"
"FL7_14","L0402","391.4834mm","104.6985mm","391.4834mm","104.6985mm","391.4834mm","105.2436mm","T","270.00","Comment"
"FL6_14","L0402","391.4834mm","131.6985mm","391.4834mm","131.6985mm","391.4834mm","132.2436mm","T","270.00","Comment"
"FL5_14","L0402","391.4834mm","158.6985mm","391.4834mm","158.6985mm","391.4834mm","159.2436mm","T","270.00","Comment"
"FL4_14","L0402","391.4834mm","185.6985mm","391.4834mm","185.6985mm","391.4834mm","186.2436mm","T","270.00","Comment"
"FL3_14","L0402","391.4834mm","212.6985mm","391.4834mm","212.6985mm","391.4834mm","213.2436mm","T","270.00","Comment"
"FL2_14","L0402","391.4834mm","239.6985mm","391.4834mm","239.6985mm","391.4834mm","240.2436mm","T","270.00","Comment"
"D1_14","SC-79_L1.2-W0.8-LS1.6-RD","382.3412mm","256.5146mm","382.3412mm","256.5146mm","381.556mm","256.5146mm","T","360.00","Comment"
"FL1_14","L0402","391.4834mm","266.6985mm","391.4834mm","266.6985mm","391.4834mm","267.2436mm","T","270.00","Comment"
"D10_15","SC-79_L1.2-W0.8-LS1.6-RD","409.3412mm","13.5146mm","409.3412mm","13.5146mm","408.556mm","13.5146mm","T","360.00","Comment"
"D9_15","SC-79_L1.2-W0.8-LS1.6-RD","409.3412mm","40.5146mm","409.3412mm","40.5146mm","408.556mm","40.5146mm","T","360.00","Comment"
"D8_15","SC-79_L1.2-W0.8-LS1.6-RD","409.3412mm","67.5146mm","409.3412mm","67.5146mm","408.556mm","67.5146mm","T","360.00","Comment"
"D7_15","SC-79_L1.2-W0.8-LS1.6-RD","409.3412mm","94.5146mm","409.3412mm","94.5146mm","408.556mm","94.5146mm","T","360.00","Comment"
"D6_15","SC-79_L1.2-W0.8-LS1.6-RD","409.3412mm","121.5146mm","409.3412mm","121.5146mm","408.556mm","121.5146mm","T","360.00","Comment"
"D5_15","SC-79_L1.2-W0.8-LS1.6-RD","409.3412mm","148.5146mm","409.3412mm","148.5146mm","408.556mm","148.5146mm","T","360.00","Comment"
"D4_15","SC-79_L1.2-W0.8-LS1.6-RD","409.3412mm","175.5146mm","409.3412mm","175.5146mm","408.556mm","175.5146mm","T","360.00","Comment"
"D3_15","SC-79_L1.2-W0.8-LS1.6-RD","409.3412mm","202.5146mm","409.3412mm","202.5146mm","408.556mm","202.5146mm","T","360.00","Comment"
"D2_15","SC-79_L1.2-W0.8-LS1.6-RD","409.3412mm","229.5146mm","409.3412mm","229.5146mm","408.556mm","229.5146mm","T","360.00","Comment"
"FL10_15","L0402","418.4834mm","23.6985mm","418.4834mm","23.6985mm","418.4834mm","24.2436mm","T","270.00","Comment"
"FL9_15","L0402","418.4834mm","50.6985mm","418.4834mm","50.6985mm","418.4834mm","51.2436mm","T","270.00","Comment"
"FL8_15","L0402","418.4834mm","77.6985mm","418.4834mm","77.6985mm","418.4834mm","78.2436mm","T","270.00","Comment"
"FL7_15","L0402","418.4834mm","104.6985mm","418.4834mm","104.6985mm","418.4834mm","105.2436mm","T","270.00","Comment"
"FL6_15","L0402","418.4834mm","131.6985mm","418.4834mm","131.6985mm","418.4834mm","132.2436mm","T","270.00","Comment"
"FL5_15","L0402","418.4834mm","158.6985mm","418.4834mm","158.6985mm","418.4834mm","159.2436mm","T","270.00","Comment"
"FL4_15","L0402","418.4834mm","185.6985mm","418.4834mm","185.6985mm","418.4834mm","186.2436mm","T","270.00","Comment"
"FL3_15","L0402","418.4834mm","212.6985mm","418.4834mm","212.6985mm","418.4834mm","213.2436mm","T","270.00","Comment"
"FL2_15","L0402","418.4834mm","239.6985mm","418.4834mm","239.6985mm","418.4834mm","240.2436mm","T","270.00","Comment"
"D1_15","SC-79_L1.2-W0.8-LS1.6-RD","409.3412mm","256.5146mm","409.3412mm","256.5146mm","408.556mm","256.5146mm","T","360.00","Comment"
"FL1_15","L0402","418.4834mm","266.6985mm","418.4834mm","266.6985mm","418.4834mm","267.2436mm","T","270.00","Comment"
"FL1","L0402","13.4834mm","266.6985mm","13.4834mm","266.6985mm","13.4834mm","267.2436mm","T","270.00","Comment"
"BL1","L0402","13.487mm","266.7mm","13.487mm","266.7mm","13.487mm","266.1549mm","B","90.00","Comment"
"BL2","L0402","13.4874mm","239.7mm","13.4874mm","239.7mm","13.4874mm","239.1549mm","B","90.00","Comment"
"BL3","L0402","13.4874mm","212.7mm","13.4874mm","212.7mm","13.4874mm","212.1549mm","B","90.00","Comment"
"BL4","L0402","13.4874mm","185.7mm","13.4874mm","185.7mm","13.4874mm","185.1549mm","B","90.00","Comment"
"BL5","L0402","13.4874mm","158.7mm","13.4874mm","158.7mm","13.4874mm","158.1549mm","B","90.00","Comment"
"BL6","L0402","13.4874mm","131.7mm","13.4874mm","131.7mm","13.4874mm","131.1549mm","B","90.00","Comment"
"BL7","L0402","13.4874mm","104.7mm","13.4874mm","104.7mm","13.4874mm","104.1549mm","B","90.00","Comment"
"BL8","L0402","13.4874mm","77.7mm","13.4874mm","77.7mm","13.4874mm","77.1549mm","B","90.00","Comment"
"BL9","L0402","13.4874mm","50.7mm","13.4874mm","50.7mm","13.4874mm","50.1549mm","B","90.00","Comment"
"BL10","L0402","13.4874mm","23.7mm","13.4874mm","23.7mm","13.4874mm","23.1549mm","B","90.00","Comment"
"BL10_1","L0402","40.4874mm","23.7mm","40.4874mm","23.7mm","40.4874mm","23.1549mm","B","90.00","Comment"
"BL9_1","L0402","40.4874mm","50.7mm","40.4874mm","50.7mm","40.4874mm","50.1549mm","B","90.00","Comment"
"BL8_1","L0402","40.4874mm","77.7mm","40.4874mm","77.7mm","40.4874mm","77.1549mm","B","90.00","Comment"
"BL7_1","L0402","40.4874mm","104.7mm","40.4874mm","104.7mm","40.4874mm","104.1549mm","B","90.00","Comment"
"BL6_1","L0402","40.4874mm","131.7mm","40.4874mm","131.7mm","40.4874mm","131.1549mm","B","90.00","Comment"
"BL5_1","L0402","40.4874mm","158.7mm","40.4874mm","158.7mm","40.4874mm","158.1549mm","B","90.00","Comment"
"BL4_1","L0402","40.4874mm","185.7mm","40.4874mm","185.7mm","40.4874mm","185.1549mm","B","90.00","Comment"
"BL3_1","L0402","40.4874mm","212.7mm","40.4874mm","212.7mm","40.4874mm","212.1549mm","B","90.00","Comment"
"BL2_1","L0402","40.4874mm","239.7mm","40.4874mm","239.7mm","40.4874mm","239.1549mm","B","90.00","Comment"
"BL1_1","L0402","40.4874mm","266.7mm","40.4874mm","266.7mm","40.4874mm","266.1549mm","B","90.00","Comment"
"BL10_2","L0402","67.4874mm","23.7mm","67.4874mm","23.7mm","67.4874mm","23.1549mm","B","90.00","Comment"
"BL9_2","L0402","67.4874mm","50.7mm","67.4874mm","50.7mm","67.4874mm","50.1549mm","B","90.00","Comment"
"BL8_2","L0402","67.4874mm","77.7mm","67.4874mm","77.7mm","67.4874mm","77.1549mm","B","90.00","Comment"
"BL7_2","L0402","67.4874mm","104.7mm","67.4874mm","104.7mm","67.4874mm","104.1549mm","B","90.00","Comment"
"BL6_2","L0402","67.4874mm","131.7mm","67.4874mm","131.7mm","67.4874mm","131.1549mm","B","90.00","Comment"
"BL5_2","L0402","67.4874mm","158.7mm","67.4874mm","158.7mm","67.4874mm","158.1549mm","B","90.00","Comment"
"BL4_2","L0402","67.4874mm","185.7mm","67.4874mm","185.7mm","67.4874mm","185.1549mm","B","90.00","Comment"
"BL3_2","L0402","67.4874mm","212.7mm","67.4874mm","212.7mm","67.4874mm","212.1549mm","B","90.00","Comment"
"BL2_2","L0402","67.4874mm","239.7mm","67.4874mm","239.7mm","67.4874mm","239.1549mm","B","90.00","Comment"
"BL1_2","L0402","67.4874mm","266.7mm","67.4874mm","266.7mm","67.4874mm","266.1549mm","B","90.00","Comment"
"BL10_3","L0402","94.4874mm","23.7mm","94.4874mm","23.7mm","94.4874mm","23.1549mm","B","90.00","Comment"
"BL9_3","L0402","94.4874mm","50.7mm","94.4874mm","50.7mm","94.4874mm","50.1549mm","B","90.00","Comment"
"BL8_3","L0402","94.4874mm","77.7mm","94.4874mm","77.7mm","94.4874mm","77.1549mm","B","90.00","Comment"
"BL7_3","L0402","94.4874mm","104.7mm","94.4874mm","104.7mm","94.4874mm","104.1549mm","B","90.00","Comment"
"BL6_3","L0402","94.4874mm","131.7mm","94.4874mm","131.7mm","94.4874mm","131.1549mm","B","90.00","Comment"
"BL5_3","L0402","94.4874mm","158.7mm","94.4874mm","158.7mm","94.4874mm","158.1549mm","B","90.00","Comment"
"BL4_3","L0402","94.4874mm","185.7mm","94.4874mm","185.7mm","94.4874mm","185.1549mm","B","90.00","Comment"
"BL3_3","L0402","94.4874mm","212.7mm","94.4874mm","212.7mm","94.4874mm","212.1549mm","B","90.00","Comment"
"BL2_3","L0402","94.4874mm","239.7mm","94.4874mm","239.7mm","94.4874mm","239.1549mm","B","90.00","Comment"
"BL1_3","L0402","94.4874mm","266.7mm","94.4874mm","266.7mm","94.4874mm","266.1549mm","B","90.00","Comment"
"BL10_4","L0402","121.4874mm","23.7mm","121.4874mm","23.7mm","121.4874mm","23.1549mm","B","90.00","Comment"
"BL9_4","L0402","121.4874mm","50.7mm","121.4874mm","50.7mm","121.4874mm","50.1549mm","B","90.00","Comment"
"BL8_4","L0402","121.4874mm","77.7mm","121.4874mm","77.7mm","121.4874mm","77.1549mm","B","90.00","Comment"
"BL7_4","L0402","121.4874mm","104.7mm","121.4874mm","104.7mm","121.4874mm","104.1549mm","B","90.00","Comment"
"BL6_4","L0402","121.4874mm","131.7mm","121.4874mm","131.7mm","121.4874mm","131.1549mm","B","90.00","Comment"
"BL5_4","L0402","121.4874mm","158.7mm","121.4874mm","158.7mm","121.4874mm","158.1549mm","B","90.00","Comment"
"BL4_4","L0402","121.4874mm","185.7mm","121.4874mm","185.7mm","121.4874mm","185.1549mm","B","90.00","Comment"
"BL3_4","L0402","121.4874mm","212.7mm","121.4874mm","212.7mm","121.4874mm","212.1549mm","B","90.00","Comment"
"BL2_4","L0402","121.4874mm","239.7mm","121.4874mm","239.7mm","121.4874mm","239.1549mm","B","90.00","Comment"
"BL1_4","L0402","121.4874mm","266.7mm","121.4874mm","266.7mm","121.4874mm","266.1549mm","B","90.00","Comment"
"BL10_5","L0402","148.4874mm","23.7mm","148.4874mm","23.7mm","148.4874mm","23.1549mm","B","90.00","Comment"
"BL9_5","L0402","148.4874mm","50.7mm","148.4874mm","50.7mm","148.4874mm","50.1549mm","B","90.00","Comment"
"BL8_5","L0402","148.4874mm","77.7mm","148.4874mm","77.7mm","148.4874mm","77.1549mm","B","90.00","Comment"
"BL7_5","L0402","148.4874mm","104.7mm","148.4874mm","104.7mm","148.4874mm","104.1549mm","B","90.00","Comment"
"BL6_5","L0402","148.4874mm","131.7mm","148.4874mm","131.7mm","148.4874mm","131.1549mm","B","90.00","Comment"
"BL5_5","L0402","148.4874mm","158.7mm","148.4874mm","158.7mm","148.4874mm","158.1549mm","B","90.00","Comment"
"BL4_5","L0402","148.4874mm","185.7mm","148.4874mm","185.7mm","148.4874mm","185.1549mm","B","90.00","Comment"
"BL3_5","L0402","148.4874mm","212.7mm","148.4874mm","212.7mm","148.4874mm","212.1549mm","B","90.00","Comment"
"BL2_5","L0402","148.4874mm","239.7mm","148.4874mm","239.7mm","148.4874mm","239.1549mm","B","90.00","Comment"
"BL1_5","L0402","148.4874mm","266.7mm","148.4874mm","266.7mm","148.4874mm","266.1549mm","B","90.00","Comment"
"BL10_6","L0402","175.4874mm","23.7mm","175.4874mm","23.7mm","175.4874mm","23.1549mm","B","90.00","Comment"
"BL9_6","L0402","175.4874mm","50.7mm","175.4874mm","50.7mm","175.4874mm","50.1549mm","B","90.00","Comment"
"BL8_6","L0402","175.4874mm","77.7mm","175.4874mm","77.7mm","175.4874mm","77.1549mm","B","90.00","Comment"
"BL7_6","L0402","175.4874mm","104.7mm","175.4874mm","104.7mm","175.4874mm","104.1549mm","B","90.00","Comment"
"BL6_6","L0402","175.4874mm","131.7mm","175.4874mm","131.7mm","175.4874mm","131.1549mm","B","90.00","Comment"
"BL5_6","L0402","175.4874mm","158.7mm","175.4874mm","158.7mm","175.4874mm","158.1549mm","B","90.00","Comment"
"BL4_6","L0402","175.4874mm","185.7mm","175.4874mm","185.7mm","175.4874mm","185.1549mm","B","90.00","Comment"
"BL3_6","L0402","175.4874mm","212.7mm","175.4874mm","212.7mm","175.4874mm","212.1549mm","B","90.00","Comment"
"BL2_6","L0402","175.4874mm","239.7mm","175.4874mm","239.7mm","175.4874mm","239.1549mm","B","90.00","Comment"
"BL1_6","L0402","175.4874mm","266.7mm","175.4874mm","266.7mm","175.4874mm","266.1549mm","B","90.00","Comment"
"BL10_7","L0402","202.4874mm","23.7mm","202.4874mm","23.7mm","202.4874mm","23.1549mm","B","90.00","Comment"
"BL9_7","L0402","202.4874mm","50.7mm","202.4874mm","50.7mm","202.4874mm","50.1549mm","B","90.00","Comment"
"BL8_7","L0402","202.4874mm","77.7mm","202.4874mm","77.7mm","202.4874mm","77.1549mm","B","90.00","Comment"
"BL7_7","L0402","202.4874mm","104.7mm","202.4874mm","104.7mm","202.4874mm","104.1549mm","B","90.00","Comment"
"BL6_7","L0402","202.4874mm","131.7mm","202.4874mm","131.7mm","202.4874mm","131.1549mm","B","90.00","Comment"
"BL5_7","L0402","202.4874mm","158.7mm","202.4874mm","158.7mm","202.4874mm","158.1549mm","B","90.00","Comment"
"BL4_7","L0402","202.4874mm","185.7mm","202.4874mm","185.7mm","202.4874mm","185.1549mm","B","90.00","Comment"
"BL3_7","L0402","202.4874mm","212.7mm","202.4874mm","212.7mm","202.4874mm","212.1549mm","B","90.00","Comment"
"BL2_7","L0402","202.4874mm","239.7mm","202.4874mm","239.7mm","202.4874mm","239.1549mm","B","90.00","Comment"
"BL1_7","L0402","202.4874mm","266.7mm","202.4874mm","266.7mm","202.4874mm","266.1549mm","B","90.00","Comment"
"BL10_8","L0402","229.4874mm","23.7mm","229.4874mm","23.7mm","229.4874mm","23.1549mm","B","90.00","Comment"
"BL9_8","L0402","229.4874mm","50.7mm","229.4874mm","50.7mm","229.4874mm","50.1549mm","B","90.00","Comment"
"BL8_8","L0402","229.4874mm","77.7mm","229.4874mm","77.7mm","229.4874mm","77.1549mm","B","90.00","Comment"
"BL7_8","L0402","229.4874mm","104.7mm","229.4874mm","104.7mm","229.4874mm","104.1549mm","B","90.00","Comment"
"BL6_8","L0402","229.4874mm","131.7mm","229.4874mm","131.7mm","229.4874mm","131.1549mm","B","90.00","Comment"
"BL5_8","L0402","229.4874mm","158.7mm","229.4874mm","158.7mm","229.4874mm","158.1549mm","B","90.00","Comment"
"BL4_8","L0402","229.4874mm","185.7mm","229.4874mm","185.7mm","229.4874mm","185.1549mm","B","90.00","Comment"
"BL3_8","L0402","229.4874mm","212.7mm","229.4874mm","212.7mm","229.4874mm","212.1549mm","B","90.00","Comment"
"BL2_8","L0402","229.4874mm","239.7mm","229.4874mm","239.7mm","229.4874mm","239.1549mm","B","90.00","Comment"
"BL1_8","L0402","229.4874mm","266.7mm","229.4874mm","266.7mm","229.4874mm","266.1549mm","B","90.00","Comment"
"BL10_9","L0402","256.4874mm","23.7mm","256.4874mm","23.7mm","256.4874mm","23.1549mm","B","90.00","Comment"
"BL9_9","L0402","256.4874mm","50.7mm","256.4874mm","50.7mm","256.4874mm","50.1549mm","B","90.00","Comment"
"BL8_9","L0402","256.4874mm","77.7mm","256.4874mm","77.7mm","256.4874mm","77.1549mm","B","90.00","Comment"
"BL7_9","L0402","256.4874mm","104.7mm","256.4874mm","104.7mm","256.4874mm","104.1549mm","B","90.00","Comment"
"BL6_9","L0402","256.4874mm","131.7mm","256.4874mm","131.7mm","256.4874mm","131.1549mm","B","90.00","Comment"
"BL5_9","L0402","256.4874mm","158.7mm","256.4874mm","158.7mm","256.4874mm","158.1549mm","B","90.00","Comment"
"BL4_9","L0402","256.4874mm","185.7mm","256.4874mm","185.7mm","256.4874mm","185.1549mm","B","90.00","Comment"
"BL3_9","L0402","256.4874mm","212.7mm","256.4874mm","212.7mm","256.4874mm","212.1549mm","B","90.00","Comment"
"BL2_9","L0402","256.4874mm","239.7mm","256.4874mm","239.7mm","256.4874mm","239.1549mm","B","90.00","Comment"
"BL1_9","L0402","256.4874mm","266.7mm","256.4874mm","266.7mm","256.4874mm","266.1549mm","B","90.00","Comment"
"BL10_10","L0402","283.4874mm","23.7mm","283.4874mm","23.7mm","283.4874mm","23.1549mm","B","90.00","Comment"
"BL9_10","L0402","283.4874mm","50.7mm","283.4874mm","50.7mm","283.4874mm","50.1549mm","B","90.00","Comment"
"BL8_10","L0402","283.4874mm","77.7mm","283.4874mm","77.7mm","283.4874mm","77.1549mm","B","90.00","Comment"
"BL7_10","L0402","283.4874mm","104.7mm","283.4874mm","104.7mm","283.4874mm","104.1549mm","B","90.00","Comment"
"BL6_10","L0402","283.4874mm","131.7mm","283.4874mm","131.7mm","283.4874mm","131.1549mm","B","90.00","Comment"
"BL5_10","L0402","283.4874mm","158.7mm","283.4874mm","158.7mm","283.4874mm","158.1549mm","B","90.00","Comment"
"BL4_10","L0402","283.4874mm","185.7mm","283.4874mm","185.7mm","283.4874mm","185.1549mm","B","90.00","Comment"
"BL3_10","L0402","283.4874mm","212.7mm","283.4874mm","212.7mm","283.4874mm","212.1549mm","B","90.00","Comment"
"BL2_10","L0402","283.4874mm","239.7mm","283.4874mm","239.7mm","283.4874mm","239.1549mm","B","90.00","Comment"
"BL1_10","L0402","283.4874mm","266.7mm","283.4874mm","266.7mm","283.4874mm","266.1549mm","B","90.00","Comment"
"BL10_11","L0402","310.4874mm","23.7mm","310.4874mm","23.7mm","310.4874mm","23.1549mm","B","90.00","Comment"
"BL9_11","L0402","310.4874mm","50.7mm","310.4874mm","50.7mm","310.4874mm","50.1549mm","B","90.00","Comment"
"BL8_11","L0402","310.4874mm","77.7mm","310.4874mm","77.7mm","310.4874mm","77.1549mm","B","90.00","Comment"
"BL7_11","L0402","310.4874mm","104.7mm","310.4874mm","104.7mm","310.4874mm","104.1549mm","B","90.00","Comment"
"BL6_11","L0402","310.4874mm","131.7mm","310.4874mm","131.7mm","310.4874mm","131.1549mm","B","90.00","Comment"
"BL5_11","L0402","310.4874mm","158.7mm","310.4874mm","158.7mm","310.4874mm","158.1549mm","B","90.00","Comment"
"BL4_11","L0402","310.4874mm","185.7mm","310.4874mm","185.7mm","310.4874mm","185.1549mm","B","90.00","Comment"
"BL3_11","L0402","310.4874mm","212.7mm","310.4874mm","212.7mm","310.4874mm","212.1549mm","B","90.00","Comment"
"BL2_11","L0402","310.4874mm","239.7mm","310.4874mm","239.7mm","310.4874mm","239.1549mm","B","90.00","Comment"
"BL1_11","L0402","310.4874mm","266.7mm","310.4874mm","266.7mm","310.4874mm","266.1549mm","B","90.00","Comment"
"BL10_12","L0402","337.4874mm","23.7mm","337.4874mm","23.7mm","337.4874mm","23.1549mm","B","90.00","Comment"
"BL9_12","L0402","337.4874mm","50.7mm","337.4874mm","50.7mm","337.4874mm","50.1549mm","B","90.00","Comment"
"BL8_12","L0402","337.4874mm","77.7mm","337.4874mm","77.7mm","337.4874mm","77.1549mm","B","90.00","Comment"
"BL7_12","L0402","337.4874mm","104.7mm","337.4874mm","104.7mm","337.4874mm","104.1549mm","B","90.00","Comment"
"BL6_12","L0402","337.4874mm","131.7mm","337.4874mm","131.7mm","337.4874mm","131.1549mm","B","90.00","Comment"
"BL5_12","L0402","337.4874mm","158.7mm","337.4874mm","158.7mm","337.4874mm","158.1549mm","B","90.00","Comment"
"BL4_12","L0402","337.4874mm","185.7mm","337.4874mm","185.7mm","337.4874mm","185.1549mm","B","90.00","Comment"
"BL3_12","L0402","337.4874mm","212.7mm","337.4874mm","212.7mm","337.4874mm","212.1549mm","B","90.00","Comment"
"BL2_12","L0402","337.4874mm","239.7mm","337.4874mm","239.7mm","337.4874mm","239.1549mm","B","90.00","Comment"
"BL1_12","L0402","337.4874mm","266.7mm","337.4874mm","266.7mm","337.4874mm","266.1549mm","B","90.00","Comment"
"BL10_13","L0402","364.4874mm","23.7mm","364.4874mm","23.7mm","364.4874mm","23.1549mm","B","90.00","Comment"
"BL9_13","L0402","364.4874mm","50.7mm","364.4874mm","50.7mm","364.4874mm","50.1549mm","B","90.00","Comment"
"BL8_13","L0402","364.4874mm","77.7mm","364.4874mm","77.7mm","364.4874mm","77.1549mm","B","90.00","Comment"
"BL7_13","L0402","364.4874mm","104.7mm","364.4874mm","104.7mm","364.4874mm","104.1549mm","B","90.00","Comment"
"BL6_13","L0402","364.4874mm","131.7mm","364.4874mm","131.7mm","364.4874mm","131.1549mm","B","90.00","Comment"
"BL5_13","L0402","364.4874mm","158.7mm","364.4874mm","158.7mm","364.4874mm","158.1549mm","B","90.00","Comment"
"BL4_13","L0402","364.4874mm","185.7mm","364.4874mm","185.7mm","364.4874mm","185.1549mm","B","90.00","Comment"
"BL3_13","L0402","364.4874mm","212.7mm","364.4874mm","212.7mm","364.4874mm","212.1549mm","B","90.00","Comment"
"BL2_13","L0402","364.4874mm","239.7mm","364.4874mm","239.7mm","364.4874mm","239.1549mm","B","90.00","Comment"
"BL1_13","L0402","364.4874mm","266.7mm","364.4874mm","266.7mm","364.4874mm","266.1549mm","B","90.00","Comment"
"BL10_14","L0402","391.4874mm","23.7mm","391.4874mm","23.7mm","391.4874mm","23.1549mm","B","90.00","Comment"
"BL9_14","L0402","391.4874mm","50.7mm","391.4874mm","50.7mm","391.4874mm","50.1549mm","B","90.00","Comment"
"BL8_14","L0402","391.4874mm","77.7mm","391.4874mm","77.7mm","391.4874mm","77.1549mm","B","90.00","Comment"
"BL7_14","L0402","391.4874mm","104.7mm","391.4874mm","104.7mm","391.4874mm","104.1549mm","B","90.00","Comment"
"BL6_14","L0402","391.4874mm","131.7mm","391.4874mm","131.7mm","391.4874mm","131.1549mm","B","90.00","Comment"
"BL5_14","L0402","391.4874mm","158.7mm","391.4874mm","158.7mm","391.4874mm","158.1549mm","B","90.00","Comment"
"BL4_14","L0402","391.4874mm","185.7mm","391.4874mm","185.7mm","391.4874mm","185.1549mm","B","90.00","Comment"
"BL3_14","L0402","391.4874mm","212.7mm","391.4874mm","212.7mm","391.4874mm","212.1549mm","B","90.00","Comment"
"BL2_14","L0402","391.4874mm","239.7mm","391.4874mm","239.7mm","391.4874mm","239.1549mm","B","90.00","Comment"
"BL1_14","L0402","391.4874mm","266.7mm","391.4874mm","266.7mm","391.4874mm","266.1549mm","B","90.00","Comment"
"BL10_15","L0402","418.4874mm","23.7mm","418.4874mm","23.7mm","418.4874mm","23.1549mm","B","90.00","Comment"
"BL9_15","L0402","418.4874mm","50.7mm","418.4874mm","50.7mm","418.4874mm","50.1549mm","B","90.00","Comment"
"BL8_15","L0402","418.4874mm","77.7mm","418.4874mm","77.7mm","418.4874mm","77.1549mm","B","90.00","Comment"
"BL7_15","L0402","418.4874mm","104.7mm","418.4874mm","104.7mm","418.4874mm","104.1549mm","B","90.00","Comment"
"BL6_15","L0402","418.4874mm","131.7mm","418.4874mm","131.7mm","418.4874mm","131.1549mm","B","90.00","Comment"
"BL5_15","L0402","418.4874mm","158.7mm","418.4874mm","158.7mm","418.4874mm","158.1549mm","B","90.00","Comment"
"BL4_15","L0402","418.4874mm","185.7mm","418.4874mm","185.7mm","418.4874mm","185.1549mm","B","90.00","Comment"
"BL3_15","L0402","418.4874mm","212.7mm","418.4874mm","212.7mm","418.4874mm","212.1549mm","B","90.00","Comment"
"BL2_15","L0402","418.4874mm","239.7mm","418.4874mm","239.7mm","418.4874mm","239.1549mm","B","90.00","Comment"
"BL1_15","L0402","418.4874mm","266.7mm","418.4874mm","266.7mm","418.4874mm","266.1549mm","B","90.00","Comment"
"BH1","IDC2.54-24P","27.5361mm","280.9799mm","41.5061mm","279.7099mm","41.5061mm","279.7099mm","B","180.00","Comment"
"BH2","IDC2.54-24P","81.5361mm","280.9799mm","95.5061mm","279.7099mm","95.5061mm","279.7099mm","B","180.00","Comment"
"BH3","IDC2.54-24P","135.5361mm","280.9799mm","149.5061mm","279.7099mm","149.5061mm","279.7099mm","B","180.00","Comment"
"BH4","IDC2.54-24P","189.5361mm","280.9799mm","203.5061mm","279.7099mm","203.5061mm","279.7099mm","B","180.00","Comment"
"BH5","IDC2.54-24P","243.5361mm","280.9799mm","257.5061mm","279.7099mm","257.5061mm","279.7099mm","B","180.00","Comment"
"BH6","IDC2.54-24P","297.5361mm","280.9799mm","311.5061mm","279.7099mm","311.5061mm","279.7099mm","B","180.00","Comment"
"BH7","IDC2.54-24P","351.5361mm","280.9799mm","365.5061mm","279.7099mm","365.5061mm","279.7099mm","B","180.00","Comment"
"BH8","IDC2.54-24P","405.5361mm","280.9799mm","419.5061mm","279.7099mm","419.5061mm","279.7099mm","B","180.00","Comment"

